id;title;date_from;date_to
1;(Южная) Автомобиль paradigms;2022-02-27T04:45:15;2022-02-27T15:53:04
2;Account оливковый улица;2022-02-26T20:16:51;2022-02-27T12:50:33
3;копирование Kenyan;2022-02-27T08:31:36;2022-02-27T03:33:35
4;Натуральный вспомогательный;2022-02-27T16:48:52;2022-02-27T13:56:50
5;край withdrawal;2022-02-27T14:30:53;2022-02-27T02:59:20
6;synergy пл. коммуникационный;2022-02-27T06:35:29;2022-02-27T18:17:14
7;пр. сжать 1080-пиксельный;2022-02-27T10:33:52;2022-02-27T18:17:50
8;Невероятный Великолепный;2022-02-27T05:28:44;2022-02-27T02:11:04
9;дизайнер;2022-02-27T14:20:09;2022-02-27T03:02:03
10;markets менеджер;2022-02-27T05:37:39;2022-02-27T07:10:16
